{
  "bounds": [
    333876.431892395,
    3097153.9873580933,
    -75.54830932617188,
    333975.0545806885,
    3097281.9680099487,
    -44.17481231689453
  ],
  "metadata": {
    "readers.las": {
      "comp_spatialreference": "PROJCS[\"WGS 84 / UTM zone 17N\",GEOGCS[\"WGS 84\",DATUM[\"WGS_1984\",SPHEROID[\"WGS 84\",6378137,298.257223563,AUTHORITY[\"EPSG\",\"7030\"]],AUTHORITY[\"EPSG\",\"6326\"]],PRIMEM[\"Greenwich\",0,AUTHORITY[\"EPSG\",\"8901\"]],UNIT[\"degree\",0.0174532925199433,AUTHORITY[\"EPSG\",\"9122\"]],AUTHORITY[\"EPSG\",\"4326\"]],PROJECTION[\"Transverse_Mercator\"],PARAMETER[\"latitude_of_origin\",0],PARAMETER[\"central_meridian\",-81],PARAMETER[\"scale_factor\",0.9996],PARAMETER[\"false_easting\",500000],PARAMETER[\"false_northing\",0],UNIT[\"metre\",1,AUTHORITY[\"EPSG\",\"9001\"]],AXIS[\"Easting\",EAST],AXIS[\"Northing\",NORTH],AUTHORITY[\"EPSG\",\"32617\"]]",
      "compressed": true,
      "count": 195189,
      "creation_doy": 140,
      "creation_year": 2022,
      "dataformat_id": 3,
      "dataoffset": 522,
      "filesource_id": 0,
      "global_encoding": 0,
      "global_encoding_base64": "AAA=",
      "gtiff": "Geotiff_Information:\n   Version: 1\n   Key_Revision: 1.0\n   Tagged_Information:\n      End_Of_Tags.\n   Keyed_Information:\n      GTModelTypeGeoKey (Short,1): ModelTypeProjected\n      GTRasterTypeGeoKey (Short,1): RasterPixelIsArea\n      GTCitationGeoKey (Ascii,8): \"unknown\"\n      GeogCitationGeoKey (Ascii,8): \"unknown\"\n      GeogAngularUnitsGeoKey (Short,1): Angular_Degree\n      ProjectedCSTypeGeoKey (Short,1): PCS_WGS84_UTM_zone_17N\n      ProjLinearUnitsGeoKey (Short,1): Linear_Meter\n      End_Of_Keys.\n   End_Of_Geotiff.\n",
      "header_size": 227,
      "major_version": 1,
      "maxx": 333975.0546,
      "maxy": 3097281.968,
      "maxz": -44.17481232,
      "minor_version": 2,
      "minx": 333876.4319,
      "miny": 3097153.987,
      "minz": -75.54830933,
      "offset_x": 333930,
      "offset_y": 3097213,
      "offset_z": 0,
      "point_length": 34,
      "project_id": "00000000-0000-0000-0000-000000000000",
      "scale_x": 0.001,
      "scale_y": 0.001,
      "scale_z": 0.001,
      "software_id": "PDAL 2.3.0 (Releas)",
      "spatialreference": "PROJCS[\"WGS 84 / UTM zone 17N\",GEOGCS[\"WGS 84\",DATUM[\"WGS_1984\",SPHEROID[\"WGS 84\",6378137,298.257223563,AUTHORITY[\"EPSG\",\"7030\"]],AUTHORITY[\"EPSG\",\"6326\"]],PRIMEM[\"Greenwich\",0,AUTHORITY[\"EPSG\",\"8901\"]],UNIT[\"degree\",0.0174532925199433,AUTHORITY[\"EPSG\",\"9122\"]],AUTHORITY[\"EPSG\",\"4326\"]],PROJECTION[\"Transverse_Mercator\"],PARAMETER[\"latitude_of_origin\",0],PARAMETER[\"central_meridian\",-81],PARAMETER[\"scale_factor\",0.9996],PARAMETER[\"false_easting\",500000],PARAMETER[\"false_northing\",0],UNIT[\"metre\",1,AUTHORITY[\"EPSG\",\"9001\"]],AXIS[\"Easting\",EAST],AXIS[\"Northing\",NORTH],AUTHORITY[\"EPSG\",\"32617\"]]",
      "srs": {
        "compoundwkt": "PROJCS[\"WGS 84 / UTM zone 17N\",GEOGCS[\"WGS 84\",DATUM[\"WGS_1984\",SPHEROID[\"WGS 84\",6378137,298.257223563,AUTHORITY[\"EPSG\",\"7030\"]],AUTHORITY[\"EPSG\",\"6326\"]],PRIMEM[\"Greenwich\",0,AUTHORITY[\"EPSG\",\"8901\"]],UNIT[\"degree\",0.0174532925199433,AUTHORITY[\"EPSG\",\"9122\"]],AUTHORITY[\"EPSG\",\"4326\"]],PROJECTION[\"Transverse_Mercator\"],PARAMETER[\"latitude_of_origin\",0],PARAMETER[\"central_meridian\",-81],PARAMETER[\"scale_factor\",0.9996],PARAMETER[\"false_easting\",500000],PARAMETER[\"false_northing\",0],UNIT[\"metre\",1,AUTHORITY[\"EPSG\",\"9001\"]],AXIS[\"Easting\",EAST],AXIS[\"Northing\",NORTH],AUTHORITY[\"EPSG\",\"32617\"]]",
        "horizontal": "PROJCS[\"WGS 84 / UTM zone 17N\",GEOGCS[\"WGS 84\",DATUM[\"WGS_1984\",SPHEROID[\"WGS 84\",6378137,298.257223563,AUTHORITY[\"EPSG\",\"7030\"]],AUTHORITY[\"EPSG\",\"6326\"]],PRIMEM[\"Greenwich\",0,AUTHORITY[\"EPSG\",\"8901\"]],UNIT[\"degree\",0.0174532925199433,AUTHORITY[\"EPSG\",\"9122\"]],AUTHORITY[\"EPSG\",\"4326\"]],PROJECTION[\"Transverse_Mercator\"],PARAMETER[\"latitude_of_origin\",0],PARAMETER[\"central_meridian\",-81],PARAMETER[\"scale_factor\",0.9996],PARAMETER[\"false_easting\",500000],PARAMETER[\"false_northing\",0],UNIT[\"metre\",1,AUTHORITY[\"EPSG\",\"9001\"]],AXIS[\"Easting\",EAST],AXIS[\"Northing\",NORTH],AUTHORITY[\"EPSG\",\"32617\"]]",
        "isgeocentric": false,
        "isgeographic": false,
        "prettycompoundwkt": "PROJCS[\"WGS 84 / UTM zone 17N\",\n    GEOGCS[\"WGS 84\",\n        DATUM[\"WGS_1984\",\n            SPHEROID[\"WGS 84\",6378137,298.257223563,\n                AUTHORITY[\"EPSG\",\"7030\"]],\n            AUTHORITY[\"EPSG\",\"6326\"]],\n        PRIMEM[\"Greenwich\",0,\n            AUTHORITY[\"EPSG\",\"8901\"]],\n        UNIT[\"degree\",0.0174532925199433,\n            AUTHORITY[\"EPSG\",\"9122\"]],\n        AUTHORITY[\"EPSG\",\"4326\"]],\n    PROJECTION[\"Transverse_Mercator\"],\n    PARAMETER[\"latitude_of_origin\",0],\n    PARAMETER[\"central_meridian\",-81],\n    PARAMETER[\"scale_factor\",0.9996],\n    PARAMETER[\"false_easting\",500000],\n    PARAMETER[\"false_northing\",0],\n    UNIT[\"metre\",1,\n        AUTHORITY[\"EPSG\",\"9001\"]],\n    AXIS[\"Easting\",EAST],\n    AXIS[\"Northing\",NORTH],\n    AUTHORITY[\"EPSG\",\"32617\"]]",
        "prettywkt": "PROJCS[\"WGS 84 / UTM zone 17N\",\n    GEOGCS[\"WGS 84\",\n        DATUM[\"WGS_1984\",\n            SPHEROID[\"WGS 84\",6378137,298.257223563,\n                AUTHORITY[\"EPSG\",\"7030\"]],\n            AUTHORITY[\"EPSG\",\"6326\"]],\n        PRIMEM[\"Greenwich\",0,\n            AUTHORITY[\"EPSG\",\"8901\"]],\n        UNIT[\"degree\",0.0174532925199433,\n            AUTHORITY[\"EPSG\",\"9122\"]],\n        AUTHORITY[\"EPSG\",\"4326\"]],\n    PROJECTION[\"Transverse_Mercator\"],\n    PARAMETER[\"latitude_of_origin\",0],\n    PARAMETER[\"central_meridian\",-81],\n    PARAMETER[\"scale_factor\",0.9996],\n    PARAMETER[\"false_easting\",500000],\n    PARAMETER[\"false_northing\",0],\n    UNIT[\"metre\",1,\n        AUTHORITY[\"EPSG\",\"9001\"]],\n    AXIS[\"Easting\",EAST],\n    AXIS[\"Northing\",NORTH],\n    AUTHORITY[\"EPSG\",\"32617\"]]",
        "proj4": "+proj=utm +zone=17 +datum=WGS84 +units=m +no_defs",
        "units": {
          "horizontal": "metre",
          "vertical": ""
        },
        "vertical": "",
        "wkt": "PROJCS[\"WGS 84 / UTM zone 17N\",GEOGCS[\"WGS 84\",DATUM[\"WGS_1984\",SPHEROID[\"WGS 84\",6378137,298.257223563,AUTHORITY[\"EPSG\",\"7030\"]],AUTHORITY[\"EPSG\",\"6326\"]],PRIMEM[\"Greenwich\",0,AUTHORITY[\"EPSG\",\"8901\"]],UNIT[\"degree\",0.0174532925199433,AUTHORITY[\"EPSG\",\"9122\"]],AUTHORITY[\"EPSG\",\"4326\"]],PROJECTION[\"Transverse_Mercator\"],PARAMETER[\"latitude_of_origin\",0],PARAMETER[\"central_meridian\",-81],PARAMETER[\"scale_factor\",0.9996],PARAMETER[\"false_easting\",500000],PARAMETER[\"false_northing\",0],UNIT[\"metre\",1,AUTHORITY[\"EPSG\",\"9001\"]],AXIS[\"Easting\",EAST],AXIS[\"Northing\",NORTH],AUTHORITY[\"EPSG\",\"32617\"]]"
      },
      "system_id": "PDAL",
      "vlr_0": {
        "data": "AQABAAAABwAABAAAAQABAAEEAAABAAEAAgSxhwgAAAABCLGHCAAIAAYIAAABAI4jAAwAAAEAaX8EDAAAAQApIw==",
        "description": "GeoTiff GeoKeyDirectoryTag",
        "record_id": 34735,
        "user_id": "LASF_Projection"
      },
      "vlr_1": {
        "data": "dW5rbm93bnx1bmtub3dufAA=",
        "description": "GeoTiff GeoAsciiParamsTag",
        "record_id": 34737,
        "user_id": "LASF_Projection"
      },
      "vlr_2": {
        "data": "AgAAAAMBAAAAAAAAUMMAAP////////////////////8DAAYAFAACAAcACAACAAgABgACAA==",
        "description": "http://laszip.org",
        "record_id": 22204,
        "user_id": "laszip encoded"
      },
      "vlr_3": {
        "data": "AQABAAAABwAABAAAAQABAAEEAAABAAEAAgSxhwgAAAABCLGHCAAIAAYIAAABAI4jAAwAAAEAaX8EDAAAAQApIw==",
        "description": "GeoTiff GeoKeyDirectoryTag",
        "record_id": 34735,
        "user_id": "LASF_Projection"
      },
      "vlr_4": {
        "data": "dW5rbm93bnx1bmtub3dufAA=",
        "description": "GeoTiff GeoAsciiParamsTag",
        "record_id": 34737,
        "user_id": "LASF_Projection"
      },
      "vlr_5": {
        "data": "AgAAAAMBAAAAAAAAUMMAAP////////////////////8DAAYAFAACAAcACAACAAgABgACAA==",
        "description": "http://laszip.org",
        "record_id": 22204,
        "user_id": "laszip encoded"
      }
    }
  },
  "path": "/var/www/data/9783ce67-11d6-4113-95c6-3f16c834901c/odm_georeferencing/odm_georeferenced_model.laz",
  "pipeline": [
    {
      "filename": "/var/www/data/9783ce67-11d6-4113-95c6-3f16c834901c/odm_georeferencing/odm_georeferenced_model.laz"
    }
  ],
  "points": 195189,
  "schema": [
    {
      "count": 195189,
      "maximum": 333975.055,
      "mean": 333931.20822612743,
      "minimum": 333876.432,
      "name": "X",
      "offset": 333930,
      "scale": 0.001,
      "size": 4,
      "stddev": 17.576736923266136,
      "type": "signed",
      "variance": 308.9416808697071
    },
    {
      "count": 195189,
      "maximum": 3097281.968,
      "mean": 3097214.784114624,
      "minimum": 3097153.987,
      "name": "Y",
      "offset": 3097213,
      "scale": 0.001,
      "size": 4,
      "stddev": 22.69061586024115,
      "type": "signed",
      "variance": 514.8640481170272
    },
    {
      "count": 195189,
      "maximum": -44.175000000000004,
      "mean": -59.587300032276254,
      "minimum": -75.548,
      "name": "Z",
      "scale": 0.001,
      "size": 4,
      "stddev": 10.840598410253083,
      "type": "signed",
      "variance": 117.51857389238167
    },
    {
      "count": 195189,
      "maximum": 0,
      "mean": 0,
      "minimum": 0,
      "name": "Intensity",
      "size": 2,
      "stddev": 0,
      "type": "unsigned",
      "variance": 0
    },
    {
      "count": 195189,
      "maximum": 1,
      "mean": 1,
      "minimum": 1,
      "name": "ReturnNumber",
      "size": 1,
      "stddev": 0,
      "type": "unsigned",
      "variance": 0
    },
    {
      "count": 195189,
      "maximum": 1,
      "mean": 1,
      "minimum": 1,
      "name": "NumberOfReturns",
      "size": 1,
      "stddev": 0,
      "type": "unsigned",
      "variance": 0
    },
    {
      "count": 195189,
      "maximum": 0,
      "mean": 0,
      "minimum": 0,
      "name": "ScanDirectionFlag",
      "size": 1,
      "stddev": 0,
      "type": "unsigned",
      "variance": 0
    },
    {
      "count": 195189,
      "maximum": 0,
      "mean": 0,
      "minimum": 0,
      "name": "EdgeOfFlightLine",
      "size": 1,
      "stddev": 0,
      "type": "unsigned",
      "variance": 0
    },
    {
      "count": 195189,
      "counts": [
        {
          "count": 195189,
          "value": 0
        }
      ],
      "maximum": 0,
      "mean": 0,
      "minimum": 0,
      "name": "Classification",
      "size": 1,
      "stddev": 0,
      "type": "unsigned",
      "variance": 0
    },
    {
      "count": 195189,
      "maximum": 0,
      "mean": 0,
      "minimum": 0,
      "name": "ScanAngleRank",
      "size": 4,
      "stddev": 0,
      "type": "float",
      "variance": 0
    },
    {
      "count": 195189,
      "maximum": 75,
      "mean": 5.572573249517162,
      "minimum": 2,
      "name": "UserData",
      "size": 1,
      "stddev": 5.945857189710695,
      "type": "unsigned",
      "variance": 35.353217720434365
    },
    {
      "count": 195189,
      "maximum": 0,
      "mean": 0,
      "minimum": 0,
      "name": "PointSourceId",
      "size": 2,
      "stddev": 0,
      "type": "unsigned",
      "variance": 0
    },
    {
      "count": 195189,
      "maximum": 0,
      "mean": 0,
      "minimum": 0,
      "name": "GpsTime",
      "size": 8,
      "stddev": 0,
      "type": "float",
      "variance": 0
    },
    {
      "count": 195189,
      "maximum": 255,
      "mean": 123.07985081126236,
      "minimum": 2,
      "name": "Red",
      "size": 2,
      "stddev": 57.18427628651252,
      "type": "unsigned",
      "variance": 3270.0414544121986
    },
    {
      "count": 195189,
      "maximum": 255,
      "mean": 116.03792734221906,
      "minimum": 2,
      "name": "Green",
      "size": 2,
      "stddev": 58.427995845943876,
      "type": "unsigned",
      "variance": 3413.830698573635
    },
    {
      "count": 195189,
      "maximum": 255,
      "mean": 106.46198812433003,
      "minimum": 1,
      "name": "Blue",
      "size": 2,
      "stddev": 65.6427247672083,
      "type": "unsigned",
      "variance": 4308.967314863464
    }
  ],
  "srs": {
    "authority": "EPSG",
    "horizontal": "32617",
    "wkt": "PROJCS[\"WGS 84 / UTM zone 17N\",GEOGCS[\"WGS 84\",DATUM[\"WGS_1984\",SPHEROID[\"WGS 84\",6378137,298.257223563,AUTHORITY[\"EPSG\",\"7030\"]],AUTHORITY[\"EPSG\",\"6326\"]],PRIMEM[\"Greenwich\",0,AUTHORITY[\"EPSG\",\"8901\"]],UNIT[\"degree\",0.0174532925199433,AUTHORITY[\"EPSG\",\"9122\"]],AUTHORITY[\"EPSG\",\"4326\"]],PROJECTION[\"Transverse_Mercator\"],PARAMETER[\"latitude_of_origin\",0],PARAMETER[\"central_meridian\",-81],PARAMETER[\"scale_factor\",0.9996],PARAMETER[\"false_easting\",500000],PARAMETER[\"false_northing\",0],UNIT[\"metre\",1,AUTHORITY[\"EPSG\",\"9001\"]],AXIS[\"Easting\",EAST],AXIS[\"Northing\",NORTH],AUTHORITY[\"EPSG\",\"32617\"]]"
  }
}